timestamp,solar_generation,storage_level,battery_temperature,solar_panel_temp,soc,voltage,consumption_load,alert_status,predicted_generation,predicted_load,alert_type
2025-09-24T06:00:00,0.0,2.93,24.7,31.2,58.6,232.0,869.3,healthy,276.0,425.9,none
2025-09-24T06:05:00,24.2,2.89,17.8,22.2,57.8,241.3,501.7,healthy,306.4,400.6,none
2025-09-24T06:10:00,50.2,2.85,28.0,27.2,57.1,239.8,454.6,healthy,307.5,426.7,none
2025-09-24T06:15:00,71.7,2.79,26.2,18.2,55.8,233.7,816.3,healthy,337.0,443.3,none
2025-09-24T06:20:00,79.7,2.76,26.0,26.1,55.3,242.9,427.6,healthy,367.8,461.1,none
2025-09-24T06:25:00,102.5,2.73,29.9,46.3,54.6,241.3,482.2,healthy,343.8,385.8,none
2025-09-24T06:30:00,121.5,2.7,27.1,38.5,53.9,235.0,541.4,healthy,420.9,449.5,none
2025-09-24T06:35:00,181.2,2.68,25.7,44.3,53.5,241.5,426.1,healthy,395.7,530.0,none
2025-09-24T06:40:00,195.2,2.65,25.5,48.9,53.0,235.8,509.2,healthy,406.9,428.8,none
2025-09-24T06:45:00,166.1,2.63,24.8,39.6,52.6,240.9,403.3,healthy,413.4,437.8,none
2025-09-24T06:50:00,254.5,2.61,28.9,49.8,52.2,234.3,470.2,healthy,471.8,463.5,none
2025-09-24T06:55:00,132.4,2.58,31.9,48.5,51.6,244.7,539.3,healthy,446.7,368.3,none
2025-09-24T07:00:00,249.7,2.55,31.3,40.2,51.0,239.1,587.6,healthy,477.8,443.2,none
2025-09-24T07:05:00,234.2,2.5,33.6,48.8,50.0,235.0,823.4,healthy,570.9,512.5,none
2025-09-24T07:10:00,301.5,2.49,29.1,50.2,49.8,240.7,454.3,healthy,570.0,386.1,none
2025-09-24T07:15:00,367.5,2.48,32.3,57.8,49.6,240.3,493.1,healthy,525.6,372.0,none
2025-09-24T07:20:00,382.1,2.47,40.3,43.0,49.5,236.1,421.0,healthy,512.9,414.3,none
2025-09-24T07:25:00,332.1,2.47,33.8,51.7,49.4,245.4,398.2,healthy,592.5,444.8,none
2025-09-24T07:30:00,418.8,2.46,36.8,55.3,49.3,240.5,491.8,healthy,587.4,395.3,none
2025-09-24T07:35:00,331.6,2.45,30.5,52.9,49.0,240.2,480.3,healthy,577.5,539.3,none
2025-09-24T07:40:00,404.9,2.44,35.9,55.3,48.8,242.8,508.8,healthy,659.4,419.5,none
2025-09-24T07:45:00,464.0,2.44,30.7,83.2,48.9,190.9,447.8,warning,592.3,359.6,"solar_temp,voltage_drop"
2025-09-24T07:50:00,114.2,2.4,29.1,41.0,48.0,234.7,642.4,healthy,614.8,417.3,none
2025-09-24T07:55:00,473.4,2.4,30.8,58.0,48.1,237.7,414.7,healthy,692.6,499.8,none
2025-09-24T08:00:00,452.9,2.4,35.4,50.3,48.0,244.1,491.6,healthy,714.2,452.2,none
2025-09-24T08:05:00,405.6,2.4,31.7,50.9,48.1,240.2,383.6,healthy,714.8,497.0,none
2025-09-24T08:10:00,479.6,2.4,34.2,59.9,48.0,241.8,538.3,healthy,726.3,451.8,none
2025-09-24T08:15:00,609.1,2.41,35.5,58.0,48.2,250.0,444.9,healthy,697.2,457.7,none
2025-09-24T08:20:00,624.6,2.43,40.2,57.4,48.6,245.6,401.3,healthy,738.6,417.5,none
2025-09-24T08:25:00,570.0,2.44,28.6,55.3,48.7,241.0,496.2,healthy,693.5,451.2,none
2025-09-24T08:30:00,497.3,2.44,31.7,56.5,48.8,236.0,467.8,healthy,743.9,450.8,none
2025-09-24T08:35:00,119.6,2.41,35.4,46.6,48.2,240.1,486.7,healthy,694.6,454.1,none
2025-09-24T08:40:00,520.4,2.42,35.2,51.8,48.4,240.3,359.0,healthy,693.5,508.4,none
2025-09-24T08:45:00,536.3,2.42,39.0,59.8,48.5,240.1,520.7,healthy,772.1,408.8,none
2025-09-24T08:50:00,683.1,2.44,41.7,63.5,48.9,241.2,441.8,healthy,699.4,468.6,none
2025-09-24T08:55:00,634.4,2.46,39.0,61.4,49.2,241.1,451.3,healthy,866.5,440.6,none
2025-09-24T09:00:00,697.0,2.48,34.3,58.7,49.5,238.6,471.5,healthy,792.4,340.4,none
2025-09-24T09:05:00,199.2,2.45,28.7,51.2,49.1,238.6,485.6,healthy,831.2,333.0,none
2025-09-24T09:10:00,632.5,2.46,35.9,72.8,49.3,237.6,498.3,healthy,887.8,231.8,none
2025-09-24T09:15:00,718.8,2.49,39.9,61.9,49.8,243.3,415.7,healthy,884.9,346.9,none
2025-09-24T09:20:00,786.6,2.52,39.8,67.8,50.3,245.5,466.3,healthy,888.1,291.7,none
2025-09-24T09:25:00,625.6,2.53,34.6,66.0,50.6,237.5,449.6,healthy,833.9,233.9,none
2025-09-24T09:30:00,698.0,2.55,40.9,86.9,51.0,243.1,466.0,warning,906.7,258.9,solar_temp
2025-09-24T09:35:00,741.8,2.56,37.3,70.3,51.2,242.3,621.2,healthy,907.0,311.8,none
2025-09-24T09:40:00,599.9,2.57,35.4,70.5,51.5,241.7,427.2,healthy,940.8,332.2,none
2025-09-24T09:45:00,686.8,2.6,38.6,63.2,51.9,242.1,414.1,healthy,867.0,277.8,none
2025-09-24T09:50:00,628.6,2.62,41.5,67.9,52.4,238.8,368.9,healthy,881.1,294.5,none
2025-09-24T09:55:00,720.0,2.63,42.7,73.0,52.7,236.5,531.5,healthy,836.5,272.7,none
2025-09-24T10:00:00,732.8,2.67,40.9,56.7,53.3,238.9,350.1,healthy,871.2,320.2,none
2025-09-24T10:05:00,698.0,2.7,39.8,64.0,53.9,237.1,341.9,healthy,903.2,252.0,none
2025-09-24T10:10:00,741.8,2.73,42.7,70.7,54.6,240.4,328.2,healthy,817.6,259.8,none
2025-09-24T10:15:00,677.5,2.76,40.8,60.6,55.2,237.5,346.2,healthy,825.7,277.0,none
2025-09-24T10:20:00,777.4,2.8,45.8,62.7,56.0,185.7,296.3,warning,968.9,331.4,voltage_drop
2025-09-24T10:25:00,887.3,2.83,41.9,62.5,56.5,235.8,550.5,healthy,949.5,231.2,none
2025-09-24T10:30:00,876.6,2.88,48.7,71.2,57.5,234.9,278.4,healthy,801.3,311.3,none
2025-09-24T10:35:00,232.1,2.87,38.6,54.2,57.3,243.5,348.5,healthy,930.0,269.7,none
2025-09-24T10:40:00,204.2,2.85,37.7,51.8,57.1,241.7,363.3,healthy,970.4,300.5,none
2025-09-24T10:45:00,672.6,2.89,77.6,61.2,57.7,245.6,276.9,healthy,866.3,310.3,none
2025-09-24T10:50:00,843.8,2.93,40.6,67.5,58.6,239.6,342.2,healthy,947.0,341.1,none
2025-09-24T10:55:00,860.4,2.98,43.4,71.7,59.5,237.2,294.3,healthy,975.6,344.0,none
2025-09-24T11:00:00,770.6,3.02,43.6,70.0,60.4,243.9,212.3,healthy,987.2,310.0,none
2025-09-24T11:05:00,822.1,3.06,38.9,64.7,61.3,234.8,325.2,healthy,812.7,323.4,none
2025-09-24T11:10:00,930.5,3.12,46.5,76.0,62.4,237.5,269.2,healthy,985.3,292.2,none
2025-09-24T11:15:00,237.6,3.12,39.2,56.9,62.3,235.2,265.5,healthy,891.7,352.8,none
2025-09-24T11:20:00,882.6,3.15,41.0,66.7,63.1,243.0,445.3,healthy,886.9,271.2,none
2025-09-24T11:25:00,852.0,3.21,43.8,67.3,64.1,238.8,193.3,healthy,813.3,261.1,none
2025-09-24T11:30:00,788.2,3.25,43.5,63.7,64.9,243.2,311.2,healthy,941.6,303.4,none
2025-09-24T11:35:00,986.8,3.3,48.7,73.5,66.0,242.8,346.0,healthy,900.2,367.0,none
2025-09-24T11:40:00,768.8,3.34,40.0,56.6,66.8,234.5,290.5,healthy,924.7,289.0,none
2025-09-24T11:45:00,715.3,3.37,41.0,65.5,67.4,239.9,345.2,healthy,910.3,348.9,none
2025-09-24T11:50:00,892.0,3.42,42.1,63.5,68.4,241.5,300.9,healthy,796.9,281.5,none
2025-09-24T11:55:00,807.6,3.46,38.9,68.4,69.2,243.9,315.1,healthy,900.4,325.5,none
2025-09-24T12:00:00,932.1,3.51,78.3,61.1,70.3,240.1,299.0,healthy,825.9,346.3,none
2025-09-24T12:05:00,964.3,3.57,48.1,85.2,71.4,239.0,285.6,warning,866.4,299.8,solar_temp
2025-09-24T12:10:00,701.9,3.6,40.6,64.6,72.0,242.0,347.4,healthy,843.3,267.3,none
2025-09-24T12:15:00,744.8,3.63,42.3,72.0,72.6,240.5,405.6,healthy,899.6,263.2,none
2025-09-24T12:20:00,822.0,3.67,40.3,70.5,73.4,243.4,309.0,healthy,869.0,278.9,none
2025-09-24T12:25:00,892.9,3.72,44.0,68.2,74.4,243.7,329.7,healthy,873.5,313.8,none
2025-09-24T12:30:00,722.3,3.76,44.9,91.7,75.1,242.5,270.3,warning,769.4,347.0,solar_temp
2025-09-24T12:35:00,956.3,3.81,42.8,62.4,76.2,240.7,333.8,healthy,823.4,374.6,none
2025-09-24T12:40:00,861.8,3.85,42.4,72.2,76.9,243.1,390.6,healthy,910.0,353.1,none
2025-09-24T12:45:00,731.6,3.84,37.0,63.4,76.8,234.7,827.0,healthy,814.1,291.9,none
2025-09-24T12:50:00,905.5,3.89,41.2,73.7,77.8,236.6,309.7,healthy,836.6,284.3,none
2025-09-24T12:55:00,408.2,3.89,36.4,58.4,77.9,240.6,352.6,healthy,889.8,281.3,none
2025-09-24T13:00:00,925.0,3.95,45.4,65.7,79.0,235.6,237.5,healthy,746.1,278.7,none
2025-09-24T13:05:00,733.6,3.99,43.0,61.0,79.7,241.1,316.4,healthy,753.3,332.0,none
2025-09-24T13:10:00,883.9,4.04,45.4,69.9,80.7,241.6,266.6,healthy,859.4,309.2,none
2025-09-24T13:15:00,740.8,4.08,42.7,75.4,81.6,237.2,234.5,healthy,810.1,301.3,none
2025-09-24T13:20:00,792.3,4.12,73.1,70.0,82.4,244.5,329.3,healthy,733.3,352.6,none
2025-09-24T13:25:00,693.0,4.15,45.0,56.9,83.0,239.0,289.8,healthy,816.7,217.5,none
2025-09-24T13:30:00,793.5,4.19,39.3,69.6,83.8,240.3,313.7,healthy,711.5,264.1,none
2025-09-24T13:35:00,791.3,4.24,44.1,64.5,84.8,235.0,223.4,healthy,656.9,257.1,none
2025-09-24T13:40:00,662.5,4.27,39.8,59.7,85.4,239.8,301.2,healthy,676.3,328.5,none
2025-09-24T13:45:00,838.0,4.32,42.5,77.6,86.4,236.8,236.1,healthy,673.1,287.3,none
2025-09-24T13:50:00,643.0,4.35,39.5,63.5,86.9,241.0,320.6,healthy,670.7,273.4,none
2025-09-24T13:55:00,856.4,4.39,40.3,59.8,87.8,238.8,322.2,healthy,653.9,351.2,none
2025-09-24T14:00:00,677.1,4.41,39.5,59.8,88.3,240.7,384.6,healthy,703.9,265.1,none
2025-09-24T14:05:00,662.6,4.45,40.9,59.2,89.0,235.4,251.5,healthy,621.6,283.1,none
2025-09-24T14:10:00,713.9,4.48,39.1,52.6,89.7,245.0,311.6,healthy,697.8,274.8,none
2025-09-24T14:15:00,696.4,4.52,42.7,55.5,90.3,238.3,306.7,healthy,595.3,295.6,none
2025-09-24T14:20:00,623.8,4.54,40.6,84.7,90.8,237.6,329.2,warning,640.4,270.9,solar_temp
2025-09-24T14:25:00,817.1,4.59,39.2,67.4,91.7,237.6,255.1,healthy,661.4,260.8,none
2025-09-24T14:30:00,404.9,4.6,38.5,45.6,91.9,237.4,295.1,healthy,546.7,362.4,none
2025-09-24T14:35:00,180.8,4.59,37.2,47.5,91.9,245.2,202.8,healthy,630.3,303.4,none
2025-09-24T14:40:00,674.4,4.63,37.3,52.1,92.6,235.2,258.9,healthy,579.1,329.2,none
2025-09-24T14:45:00,777.2,4.67,41.1,65.4,93.5,238.9,247.5,healthy,589.4,339.6,none
2025-09-24T14:50:00,565.8,4.69,40.1,47.4,93.9,237.8,304.9,healthy,501.5,345.1,none
2025-09-24T14:55:00,654.1,4.72,36.2,57.9,94.4,241.1,331.2,healthy,466.6,325.2,none
2025-09-24T15:00:00,657.5,4.76,43.2,60.4,95.1,238.1,242.4,healthy,447.2,259.9,none
2025-09-24T15:05:00,531.5,4.78,39.5,51.6,95.6,242.8,261.6,healthy,465.2,321.7,none
2025-09-24T15:10:00,699.7,4.81,44.6,63.0,96.3,236.7,271.9,healthy,502.7,267.6,none
2025-09-24T15:15:00,607.5,4.84,34.0,57.8,96.9,234.4,260.5,healthy,429.7,261.1,none
2025-09-24T15:20:00,564.0,4.85,34.5,57.0,97.1,243.8,445.0,healthy,468.7,300.8,none
2025-09-24T15:25:00,561.3,4.87,35.2,61.7,97.4,237.4,342.6,healthy,371.2,289.0,none
2025-09-24T15:30:00,152.4,4.85,33.0,47.7,97.1,240.2,370.4,healthy,373.9,292.2,none
2025-09-24T15:35:00,503.2,4.87,36.0,67.4,97.4,239.9,280.4,healthy,401.8,245.7,none
2025-09-24T15:40:00,307.4,4.87,33.7,49.8,97.4,241.3,325.3,healthy,336.3,290.1,none
2025-09-24T15:45:00,293.8,4.87,39.6,57.0,97.4,237.5,313.9,healthy,335.0,232.6,none
2025-09-24T15:50:00,439.1,4.89,75.7,54.6,97.7,242.2,214.2,healthy,292.5,367.3,none
2025-09-24T15:55:00,150.0,4.87,32.3,42.5,97.4,235.8,362.8,healthy,301.5,304.2,none
2025-09-24T16:00:00,453.8,4.88,32.5,61.5,97.6,237.3,351.3,healthy,273.1,289.0,none
2025-09-24T16:05:00,496.9,4.9,33.2,50.7,97.9,241.0,280.3,healthy,251.4,285.3,none
2025-09-24T16:10:00,479.4,4.92,34.9,76.4,98.3,239.3,225.1,healthy,232.9,253.0,none
2025-09-24T16:15:00,358.2,4.92,34.5,53.5,98.5,236.1,290.7,healthy,212.8,318.3,none
2025-09-24T16:20:00,446.4,4.94,34.4,53.8,98.8,238.5,262.8,healthy,169.6,308.7,none
2025-09-24T16:25:00,390.8,4.94,30.7,45.3,98.8,234.5,351.6,healthy,171.6,326.5,none
2025-09-24T16:30:00,357.4,4.95,37.8,49.9,98.9,237.3,305.9,healthy,148.7,296.6,none
2025-09-24T16:35:00,322.3,4.94,34.3,59.2,98.7,244.9,421.2,healthy,114.8,326.1,none
2025-09-24T16:40:00,366.2,4.95,36.8,40.7,99.0,242.9,239.9,healthy,101.4,277.0,none
2025-09-24T16:45:00,262.1,4.94,31.2,47.8,98.9,242.8,302.1,healthy,73.6,289.7,none
2025-09-24T16:50:00,303.5,4.95,30.7,42.8,99.1,238.3,179.2,healthy,49.6,293.6,none
2025-09-24T16:55:00,306.6,4.95,26.7,51.9,98.9,240.0,400.2,healthy,22.6,315.3,none
2025-09-24T17:00:00,226.8,4.93,30.5,46.6,98.6,240.8,428.4,healthy,0.0,491.3,none
2025-09-24T17:05:00,207.4,4.92,27.3,50.6,98.4,238.2,337.0,healthy,0.0,595.0,none
2025-09-24T17:10:00,89.8,4.91,32.8,27.6,98.1,237.4,242.9,healthy,0.0,663.6,none
2025-09-24T17:15:00,232.8,4.9,23.5,41.3,97.9,240.0,366.1,healthy,0.0,638.1,none
2025-09-24T17:20:00,193.0,4.89,32.3,40.5,97.8,238.0,258.9,healthy,0.0,647.2,none
2025-09-24T17:25:00,171.2,4.87,61.7,33.5,97.5,242.1,353.1,healthy,0.0,636.2,none
2025-09-24T17:30:00,121.0,4.86,32.1,42.5,97.2,241.5,275.3,healthy,0.0,649.9,none
2025-09-24T17:35:00,128.7,4.85,30.0,81.7,97.0,242.3,281.1,warning,0.0,473.8,solar_temp
2025-09-24T17:40:00,99.6,4.83,30.0,25.2,96.5,239.9,363.6,healthy,0.0,555.7,none
2025-09-24T17:45:00,64.5,4.8,25.4,23.6,96.0,243.2,368.7,healthy,0.0,565.9,none
2025-09-24T17:50:00,54.5,4.78,25.8,25.3,95.6,238.1,315.5,healthy,0.0,618.4,none
2025-09-24T17:55:00,25.5,4.75,23.4,25.1,95.0,241.6,401.8,healthy,0.0,555.7,none
2025-09-24T18:00:00,0.0,4.7,28.1,27.1,93.9,239.6,636.3,healthy,0.0,627.5,none
2025-09-24T18:05:00,2.1,4.65,31.1,27.0,93.0,241.0,533.8,healthy,0.0,587.6,none
2025-09-24T18:10:00,0.0,4.6,25.4,25.4,92.0,239.7,631.6,healthy,0.0,644.9,none
2025-09-24T18:15:00,6.6,4.55,27.3,27.9,91.0,188.7,575.4,warning,0.0,569.6,voltage_drop
2025-09-24T18:20:00,0.0,4.5,22.6,21.1,90.0,238.3,607.1,healthy,0.0,559.7,none
2025-09-24T18:25:00,0.0,4.45,27.5,22.8,89.0,239.9,627.1,healthy,0.0,578.7,none
2025-09-24T18:30:00,0.1,4.4,30.4,30.2,88.0,243.0,559.6,healthy,0.0,586.3,none
2025-09-24T18:35:00,0.4,4.35,24.4,22.3,87.0,185.7,631.4,warning,0.0,602.8,voltage_drop
2025-09-24T18:40:00,7.3,4.29,19.7,27.4,85.8,186.5,724.0,warning,0.0,694.7,voltage_drop
2025-09-24T18:45:00,5.4,4.25,23.0,23.7,84.9,238.4,514.1,healthy,0.0,647.7,none
2025-09-24T18:50:00,9.1,4.2,22.7,19.2,84.0,243.3,590.6,healthy,0.0,618.4,none
2025-09-24T18:55:00,2.7,4.16,25.7,24.4,83.1,236.4,509.0,healthy,0.0,648.7,none
2025-09-24T19:00:00,0.0,4.08,27.1,23.5,81.6,229.0,937.0,healthy,0.0,599.5,none
2025-09-24T19:05:00,1.3,4.02,29.8,22.8,80.5,241.3,648.9,healthy,0.0,506.5,none
2025-09-24T19:10:00,0.0,3.99,22.0,21.9,79.7,236.0,449.8,healthy,0.0,614.4,none
2025-09-24T19:15:00,0.0,3.93,28.9,23.3,78.7,241.1,637.8,healthy,0.0,683.6,none
2025-09-24T19:20:00,0.5,3.87,21.9,18.0,77.4,241.0,790.7,healthy,0.0,589.1,none
2025-09-24T19:25:00,0.3,3.82,23.2,20.9,76.4,237.9,581.5,healthy,0.0,584.6,none
2025-09-24T19:30:00,1.4,3.78,19.0,20.4,75.5,239.5,535.2,healthy,0.0,637.3,none
2025-09-24T19:35:00,0.0,3.72,20.4,21.3,74.4,237.5,653.7,healthy,0.0,554.7,none
2025-09-24T19:40:00,0.0,3.67,21.1,24.5,73.5,236.2,578.8,healthy,0.0,640.1,none
2025-09-24T19:45:00,0.0,3.62,26.0,23.0,72.4,238.5,608.8,healthy,0.0,514.9,none
2025-09-24T19:50:00,0.0,3.57,15.3,20.9,71.5,238.6,582.1,healthy,0.0,578.1,none
2025-09-24T19:55:00,0.0,3.52,17.4,19.4,70.4,239.4,634.8,healthy,0.0,586.2,none
2025-09-24T20:00:00,4.5,3.47,23.7,19.5,69.3,234.5,643.3,healthy,0.0,586.4,none
2025-09-24T20:05:00,3.6,3.42,16.0,19.3,68.3,237.6,612.3,healthy,0.0,622.5,none
2025-09-24T20:10:00,0.0,3.37,20.0,21.9,67.4,241.0,557.6,healthy,0.0,621.2,none
2025-09-24T20:15:00,5.9,3.32,18.1,21.6,66.4,242.7,630.5,healthy,0.0,690.5,none
2025-09-24T20:20:00,0.0,3.26,23.2,20.5,65.1,237.2,732.6,healthy,0.0,570.6,none
2025-09-24T20:25:00,0.0,3.21,22.2,22.0,64.2,237.4,585.9,healthy,0.0,563.9,none
2025-09-24T20:30:00,0.3,3.15,18.9,18.4,63.1,236.0,658.0,healthy,0.0,586.6,none
2025-09-24T20:35:00,1.0,3.1,19.7,21.4,62.0,236.9,617.6,healthy,0.0,628.9,none
2025-09-24T20:40:00,0.0,3.05,20.1,16.4,61.0,240.4,625.3,healthy,0.0,540.9,none
2025-09-24T20:45:00,2.0,3.0,18.5,22.3,60.1,237.5,554.2,healthy,0.0,537.7,none
2025-09-24T20:50:00,1.2,2.95,21.3,18.9,59.1,239.2,604.8,healthy,0.0,654.3,none
2025-09-24T20:55:00,0.0,2.88,21.2,15.0,57.6,231.0,882.5,healthy,0.0,595.5,none
2025-09-24T21:00:00,5.5,2.83,15.0,15.4,56.7,238.0,573.8,healthy,0.0,187.2,none
2025-09-24T21:05:00,0.0,2.78,20.8,52.9,55.7,234.7,589.4,healthy,0.0,209.5,none
2025-09-24T21:10:00,0.7,2.73,16.0,18.3,54.6,237.7,621.8,healthy,0.0,209.3,none
2025-09-24T21:15:00,0.0,2.69,15.0,15.9,53.7,238.5,557.1,healthy,0.0,162.6,none
2025-09-24T21:20:00,0.0,2.63,15.0,15.0,52.7,239.7,606.8,healthy,0.0,147.7,none
2025-09-24T21:25:00,0.0,2.59,21.6,19.6,51.9,245.9,501.8,healthy,0.0,198.4,none
2025-09-24T21:30:00,0.0,2.54,15.2,15.0,50.8,232.1,616.9,healthy,0.0,221.7,none
2025-09-24T21:35:00,0.1,2.5,15.0,16.5,49.9,237.1,553.0,healthy,0.0,195.2,none
2025-09-24T21:40:00,5.0,2.45,19.3,19.3,48.9,235.6,587.0,healthy,0.0,256.7,none
2025-09-24T21:45:00,0.4,2.4,18.9,17.0,48.0,234.4,579.0,healthy,0.0,214.6,none
2025-09-24T21:50:00,1.9,2.35,16.6,21.6,46.9,242.8,622.4,healthy,0.0,210.0,none
2025-09-24T21:55:00,0.0,2.3,15.0,15.4,46.0,236.7,551.8,healthy,0.0,235.0,none
2025-09-24T22:00:00,11.3,2.29,16.3,16.5,45.8,234.8,160.0,healthy,0.0,157.2,none
2025-09-24T22:05:00,0.0,2.27,15.0,15.0,45.4,242.9,234.9,healthy,0.0,141.9,none
2025-09-24T22:10:00,0.0,2.25,21.2,15.0,45.1,238.6,188.7,healthy,0.0,162.4,none
2025-09-24T22:15:00,0.0,2.24,22.2,15.0,44.8,236.8,173.6,healthy,0.0,187.7,none
2025-09-24T22:20:00,0.0,2.22,15.6,17.2,44.5,237.2,189.7,healthy,0.0,208.6,none
2025-09-24T22:25:00,3.5,2.2,16.9,15.0,44.1,239.0,236.1,healthy,0.0,237.7,none
2025-09-24T22:30:00,0.9,2.19,62.7,15.0,43.8,240.3,179.7,healthy,0.0,177.9,none
2025-09-24T22:35:00,3.6,2.17,15.0,15.3,43.5,240.4,183.9,healthy,0.0,165.7,none
2025-09-24T22:40:00,1.8,2.16,15.0,15.0,43.3,237.5,124.8,healthy,0.0,225.5,none
2025-09-24T22:45:00,0.0,2.15,15.0,17.9,43.0,241.0,166.5,healthy,0.0,199.0,none
2025-09-24T22:50:00,0.0,2.14,15.0,16.6,42.7,240.7,154.3,healthy,0.0,149.6,none
2025-09-24T22:55:00,0.0,2.13,15.5,17.3,42.5,238.1,135.9,healthy,0.0,190.4,none
2025-09-24T23:00:00,5.4,2.11,24.5,19.7,42.2,238.6,198.9,healthy,0.0,201.0,none
2025-09-24T23:05:00,0.0,2.09,15.0,22.1,41.8,238.3,203.6,healthy,0.0,220.0,none
2025-09-24T23:10:00,0.0,2.08,15.0,17.7,41.5,240.1,201.4,healthy,0.0,159.6,none
2025-09-24T23:15:00,9.2,2.07,16.8,15.0,41.3,186.9,109.6,warning,0.0,213.0,voltage_drop
2025-09-24T23:20:00,2.2,2.05,16.2,17.0,40.9,237.3,264.7,healthy,0.0,174.1,none
2025-09-24T23:25:00,0.0,2.03,15.0,15.9,40.6,233.8,194.5,healthy,0.0,158.4,none
2025-09-24T23:30:00,0.0,1.99,15.0,16.9,39.9,240.5,428.3,healthy,0.0,174.9,none
2025-09-24T23:35:00,3.2,1.97,49.7,15.0,39.5,242.2,248.0,healthy,0.0,178.3,none
2025-09-24T23:40:00,0.0,1.95,42.9,16.4,39.1,240.3,221.3,healthy,0.0,238.1,none
2025-09-24T23:45:00,0.0,1.94,15.0,18.4,38.9,238.6,142.4,healthy,0.0,214.0,none
2025-09-24T23:50:00,6.4,1.92,16.4,15.0,38.5,233.0,235.5,healthy,0.0,195.3,none
2025-09-24T23:55:00,4.4,1.91,15.0,15.0,38.2,242.2,177.7,healthy,0.0,221.2,none
2025-09-25T00:00:00,0.0,1.89,15.2,15.0,37.9,242.0,181.9,healthy,0.0,194.7,none
2025-09-25T00:05:00,0.0,1.88,19.7,15.3,37.6,238.0,182.5,healthy,0.0,176.1,none
2025-09-25T00:10:00,2.8,1.86,17.5,20.3,37.1,239.9,265.9,healthy,0.0,201.0,none
2025-09-25T00:15:00,0.0,1.83,15.7,18.2,36.7,237.9,264.9,healthy,0.0,195.9,none
2025-09-25T00:20:00,0.0,1.82,66.9,16.8,36.4,237.8,201.0,healthy,0.0,199.3,none
2025-09-25T00:25:00,0.0,1.81,15.0,15.0,36.1,241.1,153.3,healthy,0.0,163.6,none
2025-09-25T00:30:00,4.7,1.79,17.2,16.3,35.9,241.6,152.0,healthy,0.0,163.5,none
2025-09-25T00:35:00,0.0,1.78,15.0,18.0,35.6,237.9,133.6,healthy,0.0,219.3,none
2025-09-25T00:40:00,1.1,1.76,15.0,18.5,35.2,242.1,237.4,healthy,0.0,198.2,none
2025-09-25T00:45:00,0.0,1.75,16.9,15.0,34.9,237.2,200.3,healthy,0.0,215.3,none
2025-09-25T00:50:00,0.0,1.73,15.0,21.2,34.5,240.1,238.0,healthy,0.0,208.7,none
2025-09-25T00:55:00,0.2,1.71,15.0,20.7,34.1,240.7,236.6,healthy,0.0,236.8,none
2025-09-25T01:00:00,3.3,1.69,15.0,55.7,33.8,244.5,165.3,healthy,0.0,216.7,none
2025-09-25T01:05:00,0.0,1.68,16.2,15.0,33.5,236.0,200.8,healthy,0.0,176.3,none
2025-09-25T01:10:00,4.8,1.66,18.0,16.1,33.2,240.5,207.3,healthy,0.0,202.2,none
2025-09-25T01:15:00,0.0,1.64,15.0,18.8,32.9,240.3,167.7,healthy,0.0,224.0,none
2025-09-25T01:20:00,0.0,1.64,50.3,47.0,32.7,244.9,105.6,healthy,0.0,223.9,none
2025-09-25T01:25:00,8.4,1.62,16.5,17.2,32.3,239.1,232.3,healthy,0.0,225.1,none
2025-09-25T01:30:00,12.9,1.6,16.4,15.8,32.0,239.9,209.6,healthy,0.0,201.8,none
2025-09-25T01:35:00,0.0,1.57,20.2,15.0,31.4,241.2,349.9,healthy,0.0,162.0,none
2025-09-25T01:40:00,0.0,1.53,15.1,16.5,30.6,239.5,515.2,healthy,0.0,222.7,none
2025-09-25T01:45:00,0.0,1.52,17.4,15.0,30.3,240.0,148.8,healthy,0.0,192.2,none
2025-09-25T01:50:00,0.0,1.49,16.8,15.1,29.9,237.5,282.5,warning,0.0,265.7,low_soc
2025-09-25T01:55:00,4.9,1.48,18.9,15.9,29.6,238.2,147.5,warning,0.0,184.2,low_soc
2025-09-25T02:00:00,1.3,1.47,15.7,15.0,29.4,236.8,155.9,warning,0.0,203.9,low_soc
2025-09-25T02:05:00,1.9,1.44,15.0,18.2,28.9,232.4,302.5,warning,0.0,220.9,low_soc
2025-09-25T02:10:00,18.2,1.43,15.0,21.4,28.6,239.0,191.7,warning,0.0,144.7,low_soc
2025-09-25T02:15:00,0.0,1.41,17.8,17.1,28.3,236.9,184.0,warning,0.0,197.5,low_soc
2025-09-25T02:20:00,0.0,1.39,17.6,15.0,27.8,241.0,266.8,warning,0.0,221.7,low_soc
2025-09-25T02:25:00,2.5,1.37,19.3,20.6,27.4,233.5,227.4,warning,0.0,150.3,low_soc
2025-09-25T02:30:00,0.0,1.36,15.4,15.2,27.2,237.4,149.4,warning,0.0,168.8,low_soc
2025-09-25T02:35:00,2.2,1.34,17.4,15.0,26.7,234.3,275.0,warning,0.0,244.1,low_soc
2025-09-25T02:40:00,0.0,1.33,18.2,15.7,26.5,237.5,144.9,warning,0.0,219.2,low_soc
2025-09-25T02:45:00,5.9,1.31,18.0,21.8,26.2,233.0,195.7,warning,0.0,181.8,low_soc
2025-09-25T02:50:00,0.0,1.29,18.4,15.0,25.8,236.4,247.5,warning,0.0,238.1,low_soc
2025-09-25T02:55:00,0.8,1.27,18.5,16.2,25.4,230.7,201.0,warning,0.0,189.3,low_soc
2025-09-25T03:00:00,0.0,1.25,19.8,16.8,25.1,224.6,218.0,warning,0.0,190.3,low_soc
2025-09-25T03:05:00,0.0,1.24,16.8,22.3,24.8,236.1,184.8,warning,0.0,215.6,low_soc
2025-09-25T03:10:00,0.0,1.21,21.8,16.2,24.3,223.6,280.9,warning,0.0,203.6,low_soc
2025-09-25T03:15:00,0.0,1.2,19.7,16.0,24.1,228.7,120.1,warning,0.0,181.8,low_soc
2025-09-25T03:20:00,9.3,1.19,16.6,16.9,23.8,226.3,216.8,warning,0.0,231.8,low_soc
2025-09-25T03:25:00,7.3,1.18,19.8,16.9,23.5,233.2,139.4,warning,0.0,208.6,low_soc
2025-09-25T03:30:00,0.4,1.16,18.7,22.5,23.1,225.1,242.4,warning,0.0,202.7,low_soc
2025-09-25T03:35:00,2.8,1.14,19.8,16.6,22.8,222.3,193.9,warning,0.0,186.3,low_soc
2025-09-25T03:40:00,12.8,1.12,19.5,18.6,22.5,222.8,210.4,warning,0.0,243.9,low_soc
2025-09-25T03:45:00,1.0,1.11,20.8,18.6,22.2,224.8,198.1,warning,0.0,152.9,low_soc
2025-09-25T03:50:00,2.6,1.09,23.0,25.5,21.9,223.0,177.7,warning,0.0,170.8,low_soc
2025-09-25T03:55:00,0.0,1.08,19.6,22.6,21.7,218.9,123.5,warning,0.0,174.0,low_soc
2025-09-25T04:00:00,14.0,1.07,20.3,22.9,21.4,218.4,153.4,warning,0.0,211.6,low_soc
2025-09-25T04:05:00,0.5,1.06,26.0,20.5,21.2,220.0,130.3,warning,0.0,188.0,low_soc
2025-09-25T04:10:00,0.0,1.05,17.8,55.7,20.9,223.7,162.5,warning,0.0,207.3,low_soc
2025-09-25T04:15:00,0.0,1.02,29.3,20.6,20.5,219.5,275.4,warning,0.0,247.5,low_soc
2025-09-25T04:20:00,0.0,1.0,18.5,19.0,20.0,219.0,269.6,warning,0.0,166.0,low_soc
2025-09-25T04:25:00,0.0,0.98,23.3,24.4,19.5,218.3,304.2,warning,0.0,208.9,low_soc
2025-09-25T04:30:00,0.0,0.96,25.3,17.3,19.2,217.4,181.0,warning,0.0,201.2,low_soc
2025-09-25T04:35:00,0.0,0.95,19.8,16.6,19.0,215.7,143.0,warning,0.0,199.7,low_soc
2025-09-25T04:40:00,0.0,0.94,24.4,21.0,18.8,216.8,100.0,warning,0.0,172.4,low_soc
2025-09-25T04:45:00,0.0,0.92,20.6,24.4,18.4,215.1,227.6,warning,0.0,179.9,low_soc
2025-09-25T04:50:00,4.7,0.91,21.1,19.3,18.2,212.8,155.7,warning,0.0,206.4,low_soc
2025-09-25T04:55:00,0.0,0.89,24.6,26.1,17.8,218.7,223.2,warning,0.0,155.6,low_soc
2025-09-25T05:00:00,4.9,0.87,21.4,30.5,17.4,219.2,240.3,warning,0.0,488.6,low_soc
2025-09-25T05:05:00,1.7,0.85,24.6,18.1,17.1,214.8,195.3,warning,26.8,448.7,low_soc
2025-09-25T05:10:00,0.0,0.83,22.6,19.3,16.6,211.7,320.9,warning,48.6,414.3,low_soc
2025-09-25T05:15:00,0.8,0.81,23.3,26.9,16.3,217.4,180.9,warning,77.8,434.9,low_soc
2025-09-25T05:20:00,5.4,0.8,21.4,23.0,16.0,212.6,177.2,warning,95.1,362.9,low_soc
2025-09-25T05:25:00,3.3,0.78,23.0,26.5,15.5,212.4,277.0,warning,121.2,475.5,low_soc
2025-09-25T05:30:00,4.0,0.76,26.0,28.3,15.2,209.9,189.3,warning,148.4,455.2,low_soc
2025-09-25T05:35:00,0.0,0.74,26.4,25.1,14.9,211.0,207.9,critical,160.5,474.7,low_soc
2025-09-25T05:40:00,8.2,0.73,18.5,26.4,14.6,209.7,156.1,critical,184.3,427.5,low_soc
2025-09-25T05:45:00,0.0,0.71,24.1,24.0,14.3,212.1,189.9,critical,194.7,428.8,low_soc
2025-09-25T05:50:00,0.0,0.69,19.6,20.7,13.8,204.8,270.8,critical,239.7,458.1,low_soc
2025-09-25T05:55:00,2.8,0.67,31.0,23.3,13.5,207.6,234.3,critical,279.5,537.5,low_soc
2025-09-25T06:00:00,0.0,0.63,26.4,21.0,12.7,203.8,463.9,critical,245.3,442.0,low_soc
2025-09-25T06:05:00,20.8,0.6,27.5,22.4,12.1,201.3,404.2,critical,312.7,474.4,low_soc
2025-09-25T06:10:00,40.7,0.57,22.5,26.7,11.4,201.7,457.3,critical,330.1,514.3,low_soc
2025-09-25T06:15:00,67.5,0.54,24.3,19.9,10.7,204.5,451.6,critical,336.0,463.1,low_soc
2025-09-25T06:20:00,98.1,0.5,29.9,30.0,10.1,201.3,493.5,critical,392.6,439.5,low_soc
2025-09-25T06:25:00,125.4,0.48,20.9,52.8,9.6,202.8,418.4,critical,371.0,512.6,low_soc
2025-09-25T06:30:00,138.0,0.45,26.0,49.4,9.0,202.5,467.7,critical,382.1,468.8,low_soc
2025-09-25T06:35:00,78.7,0.42,23.6,25.7,8.5,201.9,418.3,critical,408.7,506.9,low_soc
2025-09-25T06:40:00,150.4,0.4,31.4,48.5,7.9,194.4,454.9,critical,387.7,502.7,"low_soc,voltage_drop"
2025-09-25T06:45:00,188.3,0.38,23.9,40.6,7.6,193.9,408.4,critical,493.9,409.1,"low_soc,voltage_drop"
2025-09-25T06:50:00,187.7,0.35,25.2,47.0,7.1,197.0,495.9,critical,491.1,431.6,"low_soc,voltage_drop"
2025-09-25T06:55:00,223.0,0.34,25.7,44.9,6.7,193.5,413.9,critical,518.7,360.3,"low_soc,voltage_drop"
2025-09-25T07:00:00,260.0,0.32,27.7,47.6,6.3,197.1,501.0,critical,487.9,381.4,"low_soc,voltage_drop"
2025-09-25T07:05:00,307.6,0.31,37.1,51.3,6.2,194.0,423.7,critical,462.8,438.7,"low_soc,voltage_drop"
2025-09-25T07:10:00,333.2,0.29,31.8,51.9,5.9,188.9,508.4,critical,573.4,595.7,"low_soc,voltage_drop"
2025-09-25T07:15:00,344.6,0.29,30.0,62.2,5.8,192.6,403.4,critical,547.3,465.2,"low_soc,voltage_drop"
2025-09-25T07:20:00,362.5,0.27,28.6,58.9,5.5,187.2,533.8,critical,556.5,512.8,"low_soc,voltage_drop"
2025-09-25T07:25:00,401.4,0.27,34.2,48.8,5.5,189.3,405.2,critical,517.1,425.6,"low_soc,voltage_drop"
2025-09-25T07:30:00,434.2,0.24,32.9,53.6,4.8,181.6,824.2,critical,622.3,427.7,"low_soc,voltage_drop"
2025-09-25T07:35:00,373.4,0.24,33.8,51.8,4.8,189.8,400.3,critical,594.2,368.4,"low_soc,voltage_drop"
2025-09-25T07:40:00,430.3,0.24,38.7,42.3,4.8,186.4,432.2,critical,668.0,441.9,"low_soc,voltage_drop"
2025-09-25T07:45:00,362.2,0.2,33.2,49.4,4.0,186.6,822.5,critical,667.3,432.5,"low_soc,voltage_drop"
2025-09-25T07:50:00,499.7,0.21,37.1,54.3,4.2,185.3,396.4,critical,600.8,419.7,"low_soc,voltage_drop"
2025-09-25T07:55:00,382.9,0.2,36.1,42.5,4.0,188.4,490.0,critical,654.3,513.5,"low_soc,voltage_drop"
2025-09-25T08:00:00,460.9,0.2,35.6,63.0,4.0,190.4,468.7,critical,734.1,514.0,"low_soc,voltage_drop"
2025-09-25T08:05:00,490.8,0.21,37.4,62.7,4.1,183.6,415.7,critical,651.2,440.6,"low_soc,voltage_drop"
2025-09-25T08:10:00,497.2,0.21,33.4,54.0,4.2,190.4,454.4,critical,721.8,447.3,"low_soc,voltage_drop"
2025-09-25T08:15:00,477.6,0.19,30.0,56.1,3.7,183.1,747.9,critical,787.0,408.4,"low_soc,voltage_drop"
2025-09-25T08:20:00,579.2,0.2,36.5,53.6,3.9,190.0,453.9,critical,720.9,413.6,"low_soc,voltage_drop"
2025-09-25T08:25:00,621.8,0.21,36.9,66.0,4.2,192.9,455.9,critical,687.6,482.0,"low_soc,voltage_drop"
2025-09-25T08:30:00,489.0,0.22,35.1,62.0,4.4,193.5,350.7,critical,696.4,430.3,"low_soc,voltage_drop"
2025-09-25T08:35:00,621.5,0.24,37.8,60.0,4.8,160.0,433.4,critical,837.4,435.6,"low_soc,voltage_drop"
2025-09-25T08:40:00,574.8,0.25,36.3,53.5,5.0,195.1,457.2,critical,727.7,474.1,"low_soc,voltage_drop"
2025-09-25T08:45:00,618.8,0.26,28.7,62.4,5.3,183.4,433.1,critical,765.6,501.5,"low_soc,voltage_drop"
2025-09-25T08:50:00,526.0,0.26,37.4,57.9,5.3,190.0,518.1,critical,733.5,501.4,"low_soc,voltage_drop"
2025-09-25T08:55:00,671.5,0.26,40.8,57.2,5.2,192.2,720.4,critical,870.6,486.0,"low_soc,voltage_drop"
2025-09-25T09:00:00,652.8,0.28,40.4,52.5,5.6,186.8,406.3,critical,863.1,324.5,"low_soc,voltage_drop"
2025-09-25T09:05:00,589.7,0.29,40.8,50.7,5.8,197.3,452.5,critical,760.0,294.9,"low_soc,voltage_drop"
2025-09-25T09:10:00,622.5,0.28,36.7,49.8,5.6,185.6,786.2,critical,859.9,338.9,"low_soc,voltage_drop"
2025-09-25T09:15:00,753.5,0.26,40.4,65.1,5.2,179.9,950.2,critical,835.1,309.6,"low_soc,voltage_drop"
2025-09-25T09:20:00,635.3,0.28,40.2,58.0,5.5,190.9,451.8,critical,761.0,323.4,"low_soc,voltage_drop"
2025-09-25T09:25:00,319.3,0.26,36.5,43.7,5.2,188.2,524.6,critical,873.4,342.2,"low_soc,voltage_drop"
2025-09-25T09:30:00,733.5,0.28,43.4,70.3,5.6,192.7,512.7,critical,928.0,299.2,"low_soc,voltage_drop"
2025-09-25T09:35:00,768.5,0.31,33.2,61.5,6.1,192.7,425.5,critical,856.3,258.7,"low_soc,voltage_drop"
2025-09-25T09:40:00,779.6,0.33,40.0,70.7,6.7,192.1,471.3,critical,816.5,340.6,"low_soc,voltage_drop"
2025-09-25T09:45:00,680.3,0.35,39.3,61.6,7.0,200.7,486.1,critical,841.7,337.2,low_soc
2025-09-25T09:50:00,651.5,0.37,40.4,58.9,7.3,194.3,445.5,critical,898.7,264.3,"low_soc,voltage_drop"
2025-09-25T09:55:00,770.9,0.39,44.0,66.8,7.9,196.8,424.1,critical,862.2,326.3,"low_soc,voltage_drop"
2025-09-25T10:00:00,647.7,0.43,37.5,58.7,8.6,194.8,203.1,critical,915.0,352.6,"low_soc,voltage_drop"
2025-09-25T10:05:00,668.6,0.47,33.1,60.8,9.3,202.2,263.4,critical,849.8,274.5,low_soc
2025-09-25T10:10:00,681.3,0.5,40.1,59.8,9.9,196.1,326.1,critical,902.5,308.0,"low_soc,voltage_drop"
2025-09-25T10:15:00,702.6,0.53,37.2,60.4,10.7,160.0,229.6,critical,814.0,330.6,"low_soc,voltage_drop"
2025-09-25T10:20:00,687.7,0.57,44.2,81.6,11.4,206.0,245.5,critical,869.9,321.3,"solar_temp,low_soc"
2025-09-25T10:25:00,684.2,0.6,40.3,63.1,12.1,205.5,307.1,critical,975.0,326.5,low_soc
2025-09-25T10:30:00,934.2,0.66,46.0,76.1,13.2,209.5,232.7,critical,827.0,303.2,low_soc
2025-09-25T10:35:00,159.7,0.65,34.1,43.5,12.9,201.8,351.4,critical,934.3,348.6,low_soc
2025-09-25T10:40:00,682.3,0.67,37.2,59.5,13.5,212.0,346.5,critical,970.8,341.4,low_soc
2025-09-25T10:45:00,801.4,0.72,42.4,73.3,14.3,207.4,284.3,critical,947.2,331.3,low_soc
2025-09-25T10:50:00,939.4,0.77,43.4,61.3,15.4,209.7,320.5,warning,849.7,304.1,low_soc
2025-09-25T10:55:00,903.1,0.82,37.9,70.5,16.4,209.6,308.7,warning,845.7,327.1,low_soc
2025-09-25T11:00:00,726.8,0.85,45.4,64.9,17.0,212.7,368.7,warning,878.5,293.3,low_soc
2025-09-25T11:05:00,928.4,0.9,47.7,63.3,18.1,214.6,257.8,warning,866.1,278.8,low_soc
2025-09-25T11:10:00,732.5,0.94,35.9,68.0,18.8,160.0,265.1,critical,867.1,271.0,"low_soc,voltage_drop"
2025-09-25T11:15:00,928.0,0.99,45.4,87.5,19.8,222.3,381.8,warning,877.9,283.2,"solar_temp,low_soc"
2025-09-25T11:20:00,231.1,0.98,42.6,46.6,19.6,220.5,342.2,warning,857.8,209.3,low_soc
2025-09-25T11:25:00,759.9,1.01,47.3,73.1,20.2,225.9,364.6,warning,823.2,277.6,low_soc
2025-09-25T11:30:00,932.6,1.06,46.8,94.2,21.3,215.7,300.2,warning,982.0,320.8,"solar_temp,low_soc"
2025-09-25T11:35:00,897.4,1.11,42.8,64.5,22.3,230.0,309.9,warning,819.4,308.1,low_soc
2025-09-25T11:40:00,804.3,1.16,41.8,66.9,23.1,225.7,274.5,warning,867.3,292.7,low_soc
2025-09-25T11:45:00,890.5,1.2,43.8,66.7,24.0,228.4,350.4,warning,857.3,264.5,low_soc
2025-09-25T11:50:00,939.5,1.26,41.6,65.1,25.2,232.2,265.6,warning,906.5,253.1,low_soc
2025-09-25T11:55:00,941.0,1.31,43.3,68.3,26.2,233.7,343.2,warning,795.6,258.0,low_soc
2025-09-25T12:00:00,736.4,1.34,45.3,56.5,26.8,230.3,378.6,warning,950.3,347.7,low_soc
2025-09-25T12:05:00,770.6,1.37,38.4,59.8,27.5,234.5,355.2,warning,866.9,287.2,low_soc
2025-09-25T12:10:00,785.3,1.4,40.5,71.8,28.1,238.0,422.7,warning,787.2,279.1,low_soc
2025-09-25T12:15:00,716.4,1.44,36.9,68.6,28.8,238.2,293.9,warning,771.5,300.6,low_soc
2025-09-25T12:20:00,990.9,1.5,41.0,67.4,30.0,239.8,256.4,warning,882.9,366.4,low_soc
2025-09-25T12:25:00,719.2,1.54,46.1,69.1,30.8,235.7,225.4,healthy,777.7,270.5,none
2025-09-25T12:30:00,865.5,1.59,45.9,104.8,31.8,238.8,288.9,critical,905.9,350.2,solar_temp
2025-09-25T12:35:00,922.3,1.64,53.1,70.1,32.8,243.2,280.7,healthy,807.2,292.0,none
2025-09-25T12:40:00,838.8,1.67,41.1,64.5,33.5,237.8,446.5,healthy,907.8,378.3,none
2025-09-25T12:45:00,889.9,1.72,36.5,69.4,34.5,236.7,293.6,healthy,865.5,296.7,none
2025-09-25T12:50:00,881.0,1.78,47.3,72.9,35.5,238.3,269.0,healthy,778.7,286.4,none
2025-09-25T12:55:00,886.0,1.83,44.0,61.4,36.5,234.5,278.4,healthy,886.6,266.5,none
2025-09-25T13:00:00,803.8,1.86,45.7,60.2,37.2,240.5,372.3,healthy,823.8,272.2,none
2025-09-25T13:05:00,847.9,1.91,42.2,70.3,38.2,242.0,288.4,healthy,776.2,392.0,none
2025-09-25T13:10:00,784.0,1.95,41.0,61.1,39.0,243.2,310.2,healthy,813.0,272.2,none
2025-09-25T13:15:00,953.0,2.01,39.5,68.0,40.2,239.9,233.7,healthy,832.8,215.8,none
2025-09-25T13:20:00,848.5,2.06,40.7,69.8,41.1,237.6,259.9,healthy,756.3,307.8,none
2025-09-25T13:25:00,843.6,2.11,44.2,65.3,42.1,240.3,261.7,healthy,804.0,234.0,none
2025-09-25T13:30:00,386.5,2.1,30.3,60.4,42.1,239.6,404.8,healthy,806.5,298.2,none
2025-09-25T13:35:00,890.8,2.16,42.4,63.0,43.2,238.3,234.3,healthy,766.5,325.1,none
2025-09-25T13:40:00,664.2,2.19,40.8,68.0,43.8,241.8,309.2,healthy,800.5,299.0,none
2025-09-25T13:45:00,740.9,2.22,42.1,65.8,44.4,238.6,358.7,healthy,740.6,341.4,none
2025-09-25T13:50:00,902.3,2.27,43.5,66.8,45.3,240.2,351.2,healthy,641.3,340.8,none
2025-09-25T13:55:00,767.9,2.31,49.7,49.7,46.1,236.4,285.4,healthy,647.1,260.7,none
2025-09-25T14:00:00,761.1,2.35,38.7,58.3,47.0,235.2,260.6,healthy,738.0,295.6,none
2025-09-25T14:05:00,857.7,2.4,42.3,63.5,47.9,238.1,277.0,healthy,719.0,187.9,none
2025-09-25T14:10:00,610.6,2.42,42.8,60.7,48.4,238.0,342.0,healthy,589.3,261.4,none
2025-09-25T14:15:00,630.7,2.45,37.2,58.7,49.0,236.1,249.4,healthy,643.0,233.9,none
2025-09-25T14:20:00,626.2,2.47,36.9,66.9,49.5,243.6,353.3,healthy,580.8,278.8,none
2025-09-25T14:25:00,747.3,2.51,72.0,65.6,50.2,241.4,280.9,healthy,600.6,263.7,none
2025-09-25T14:30:00,626.6,2.54,37.9,52.3,50.8,235.5,281.7,healthy,536.7,284.3,none
2025-09-25T14:35:00,607.6,2.55,38.9,57.0,50.9,234.2,557.0,healthy,556.0,345.0,none
2025-09-25T14:40:00,659.9,2.57,36.6,59.3,51.5,251.7,304.4,healthy,518.1,311.3,none
2025-09-25T14:45:00,204.3,2.57,35.1,55.0,51.4,248.1,254.3,healthy,506.3,282.3,none
2025-09-25T14:50:00,583.5,2.6,34.2,63.7,52.0,239.3,228.0,healthy,559.5,356.1,none
2025-09-25T14:55:00,721.6,2.64,43.5,84.9,52.8,240.0,231.8,warning,536.3,303.3,solar_temp
2025-09-25T15:00:00,732.9,2.68,42.0,61.3,53.5,238.4,304.3,healthy,481.4,253.6,none
2025-09-25T15:05:00,693.6,2.71,37.8,62.0,54.1,240.2,340.9,healthy,469.3,346.9,none
2025-09-25T15:10:00,561.9,2.73,39.8,56.2,54.5,243.3,327.4,healthy,435.5,275.5,none
2025-09-25T15:15:00,582.7,2.75,38.1,59.8,55.0,238.2,278.9,healthy,468.0,337.2,none
2025-09-25T15:20:00,689.7,2.78,32.3,96.4,55.7,237.1,290.4,warning,426.2,286.0,solar_temp
2025-09-25T15:25:00,629.5,2.81,40.2,66.8,56.2,239.8,336.6,healthy,407.9,272.1,none
2025-09-25T15:30:00,567.6,2.83,32.9,57.1,56.6,238.1,324.0,healthy,433.3,297.0,none
2025-09-25T15:35:00,334.8,2.83,37.4,54.6,56.7,243.5,275.9,healthy,400.6,361.7,none
2025-09-25T15:40:00,193.6,2.83,33.1,44.0,56.6,237.6,265.2,healthy,376.7,339.2,none
2025-09-25T15:45:00,438.4,2.84,40.1,42.4,56.8,239.2,273.4,healthy,338.2,386.5,none
2025-09-25T15:50:00,558.8,2.87,37.4,64.8,57.4,245.0,236.8,healthy,294.0,270.6,none
2025-09-25T15:55:00,100.4,2.85,32.6,45.9,57.0,241.7,327.4,healthy,326.9,314.9,none
2025-09-25T16:00:00,396.2,2.86,33.1,48.8,57.2,239.4,268.5,healthy,246.1,321.5,none
2025-09-25T16:05:00,530.4,2.88,34.6,57.5,57.6,241.1,298.1,healthy,241.7,282.3,none
2025-09-25T16:10:00,491.1,2.89,37.4,91.4,57.9,239.5,307.6,warning,252.0,351.7,solar_temp
2025-09-25T16:15:00,446.6,2.91,31.6,59.5,58.1,234.7,319.9,healthy,197.1,301.7,none
2025-09-25T16:20:00,464.0,2.92,29.7,58.7,58.4,243.9,282.9,healthy,195.0,352.5,none
2025-09-25T16:25:00,376.3,2.92,36.4,47.8,58.3,243.0,429.1,healthy,173.9,278.5,none
2025-09-25T16:30:00,431.0,2.92,33.5,44.5,58.4,238.3,397.2,healthy,157.1,291.3,none
2025-09-25T16:35:00,410.2,2.93,36.7,46.5,58.7,240.8,223.9,healthy,109.2,310.9,none
2025-09-25T16:40:00,390.0,2.94,27.7,57.0,58.8,238.4,319.4,healthy,89.0,323.7,none
2025-09-25T16:45:00,295.3,2.93,33.6,52.1,58.6,239.5,410.4,healthy,77.3,241.8,none
2025-09-25T16:50:00,323.7,2.93,26.3,50.1,58.6,239.1,310.6,healthy,46.7,353.7,none
2025-09-25T16:55:00,313.9,2.94,31.5,47.9,58.7,240.2,271.9,healthy,26.6,296.8,none
2025-09-25T17:00:00,263.7,2.94,31.4,50.6,58.7,236.0,250.0,healthy,0.0,636.0,none
2025-09-25T17:05:00,277.8,2.93,34.2,52.5,58.7,245.2,324.7,healthy,0.0,582.9,none
2025-09-25T17:10:00,182.5,2.92,30.0,52.3,58.3,242.7,388.2,healthy,0.0,532.6,none
2025-09-25T17:15:00,214.9,2.92,31.9,50.0,58.4,237.0,187.9,healthy,0.0,571.6,none
2025-09-25T17:20:00,202.1,2.91,28.0,44.5,58.2,233.2,311.6,healthy,0.0,615.9,none
2025-09-25T17:25:00,162.2,2.9,32.0,67.9,58.0,238.7,276.8,healthy,0.0,596.8,none
2025-09-25T17:30:00,158.1,2.89,28.2,49.1,57.7,240.8,302.7,healthy,0.0,582.0,none
2025-09-25T17:35:00,106.4,2.88,24.8,42.0,57.5,242.4,250.3,healthy,0.0,713.7,none
2025-09-25T17:40:00,101.1,2.85,25.6,47.4,57.0,240.0,398.1,healthy,0.0,484.1,none
2025-09-25T17:45:00,65.0,2.83,26.5,23.2,56.7,231.7,254.7,healthy,0.0,660.8,none
2025-09-25T17:50:00,51.3,2.82,27.2,26.1,56.3,238.9,271.5,healthy,0.0,575.1,none
2025-09-25T17:55:00,23.4,2.79,22.1,32.4,55.8,238.4,349.9,healthy,0.0,607.3,none
2025-09-25T18:00:00,0.0,2.71,23.0,21.8,54.2,226.1,962.6,healthy,0.0,735.1,none
2025-09-25T18:05:00,0.0,2.66,25.5,22.8,53.1,236.7,644.1,healthy,0.0,657.6,none
2025-09-25T18:10:00,0.1,2.6,23.2,22.9,52.1,240.5,604.4,healthy,0.0,667.7,none
2025-09-25T18:15:00,0.0,2.56,67.2,23.9,51.1,236.0,591.3,healthy,0.0,590.6,none
2025-09-25T18:20:00,3.0,2.5,20.9,46.1,50.1,230.8,629.2,healthy,0.0,613.5,none
2025-09-25T18:25:00,0.4,2.46,24.1,23.4,49.1,237.4,564.3,healthy,0.0,583.0,none
2025-09-25T18:30:00,0.0,2.4,25.9,23.4,48.1,232.2,638.9,healthy,0.0,510.3,none
2025-09-25T18:35:00,0.5,2.36,25.6,23.6,47.2,244.0,527.6,healthy,0.0,553.1,none
2025-09-25T18:40:00,0.0,2.31,24.4,22.0,46.3,238.4,531.9,healthy,0.0,580.4,none
2025-09-25T18:45:00,0.0,2.26,26.3,21.0,45.2,235.8,669.5,healthy,0.0,680.5,none
2025-09-25T18:50:00,2.2,2.19,26.5,28.3,43.7,232.1,868.4,healthy,0.0,590.9,none
2025-09-25T18:55:00,0.0,2.14,18.3,19.0,42.7,239.6,610.5,healthy,0.0,628.6,none
2025-09-25T19:00:00,0.0,2.08,25.4,18.5,41.7,239.8,612.5,healthy,0.0,613.5,none
2025-09-25T19:05:00,3.0,2.04,20.2,21.7,40.8,238.8,559.9,healthy,0.0,667.3,none
2025-09-25T19:10:00,0.0,1.99,24.3,21.1,39.8,238.4,605.4,healthy,0.0,744.8,none
2025-09-25T19:15:00,7.7,1.94,18.5,23.8,38.7,234.1,620.3,healthy,0.0,602.4,none
2025-09-25T19:20:00,0.0,1.89,24.8,16.7,37.9,241.1,518.6,healthy,0.0,583.3,none
2025-09-25T19:25:00,1.4,1.84,17.6,23.2,36.8,238.6,649.9,healthy,0.0,557.1,none
2025-09-25T19:30:00,5.9,1.8,24.9,23.8,36.0,237.5,506.4,healthy,0.0,599.7,none
2025-09-25T19:35:00,0.3,1.71,15.0,25.7,34.2,229.1,1040.4,healthy,0.0,580.4,none
2025-09-25T19:40:00,0.0,1.66,20.1,23.5,33.2,233.4,590.9,healthy,0.0,560.8,none
2025-09-25T19:45:00,0.0,1.6,24.2,19.4,32.0,234.8,722.3,healthy,0.0,600.3,none
2025-09-25T19:50:00,0.0,1.55,15.8,18.1,31.0,233.0,644.8,healthy,0.0,646.9,none
2025-09-25T19:55:00,0.0,1.5,16.3,22.4,29.9,236.6,608.6,warning,0.0,549.2,low_soc
2025-09-25T20:00:00,0.0,1.45,18.1,20.8,28.9,234.1,601.0,warning,0.0,620.5,low_soc
2025-09-25T20:05:00,0.0,1.4,23.0,40.2,27.9,234.5,625.7,warning,0.0,636.1,low_soc
2025-09-25T20:10:00,0.0,1.34,16.3,24.0,26.9,235.9,603.2,warning,0.0,610.8,low_soc
2025-09-25T20:15:00,0.0,1.3,15.7,23.4,25.9,182.2,584.1,warning,0.0,478.1,"low_soc,voltage_drop"
2025-09-25T20:20:00,6.7,1.23,20.4,24.5,24.6,225.7,811.3,warning,0.0,770.4,low_soc
2025-09-25T20:25:00,0.1,1.18,19.9,15.0,23.5,228.0,622.1,warning,0.0,595.9,low_soc
2025-09-25T20:30:00,1.8,1.13,18.2,17.1,22.6,218.7,568.3,warning,0.0,557.3,low_soc
2025-09-25T20:35:00,0.0,1.08,16.5,17.6,21.5,178.7,647.5,critical,0.0,574.9,"low_soc,voltage_drop"
2025-09-25T20:40:00,0.0,1.03,15.2,16.4,20.5,216.5,590.6,warning,0.0,603.3,low_soc
2025-09-25T20:45:00,0.0,0.98,17.4,19.1,19.6,216.2,546.1,warning,0.0,670.2,low_soc
2025-09-25T20:50:00,0.0,0.93,18.1,62.8,18.7,214.6,558.5,warning,0.0,603.0,low_soc
2025-09-25T20:55:00,6.1,0.89,17.3,17.1,17.7,211.9,592.8,warning,0.0,652.4,low_soc
2025-09-25T21:00:00,0.0,0.84,15.8,22.4,16.7,211.8,606.5,warning,0.0,221.2,low_soc
2025-09-25T21:05:00,0.0,0.78,16.4,25.5,15.6,208.5,640.7,warning,0.0,226.1,low_soc
2025-09-25T21:10:00,0.6,0.73,18.1,21.5,14.6,204.3,636.0,critical,0.0,250.5,low_soc
2025-09-25T21:15:00,0.4,0.68,15.0,16.9,13.6,206.8,617.9,critical,0.0,216.6,low_soc
2025-09-25T21:20:00,0.0,0.62,16.3,19.9,12.4,198.6,705.6,critical,0.0,243.8,"low_soc,voltage_drop"
2025-09-25T21:25:00,0.0,0.57,19.1,18.6,11.5,203.6,534.3,critical,0.0,201.0,low_soc
2025-09-25T21:30:00,0.1,0.53,15.0,15.0,10.6,195.2,553.6,critical,0.0,231.7,"low_soc,voltage_drop"
2025-09-25T21:35:00,0.0,0.48,18.9,19.8,9.6,193.9,604.2,critical,0.0,233.2,"low_soc,voltage_drop"
2025-09-25T21:40:00,1.4,0.42,15.0,16.1,8.5,192.8,655.2,critical,0.0,195.4,"low_soc,voltage_drop"
2025-09-25T21:45:00,4.8,0.38,19.0,21.0,7.7,192.0,489.1,critical,0.0,186.8,"low_soc,voltage_drop"
2025-09-25T21:50:00,2.3,0.31,20.1,55.3,6.1,186.9,913.1,critical,0.0,226.0,"low_soc,voltage_drop"
2025-09-25T21:55:00,0.4,0.26,15.1,48.5,5.2,182.1,590.1,critical,0.0,178.5,"low_soc,voltage_drop"
2025-09-25T22:00:00,1.8,0.23,17.8,15.0,4.7,183.6,295.4,critical,0.0,194.4,"low_soc,voltage_drop"
2025-09-25T22:05:00,0.0,0.22,15.0,15.0,4.5,190.7,125.2,critical,0.0,264.2,"low_soc,voltage_drop"
2025-09-25T22:10:00,0.0,0.21,15.0,15.0,4.3,181.3,100.0,critical,0.0,184.3,"low_soc,voltage_drop"
2025-09-25T22:15:00,7.1,0.2,17.9,18.6,4.0,186.5,202.2,critical,0.0,201.1,"low_soc,voltage_drop"
2025-09-25T22:20:00,3.9,0.19,15.0,15.7,3.7,187.3,155.7,critical,0.0,180.1,"low_soc,voltage_drop"
2025-09-25T22:25:00,8.6,0.17,15.0,18.7,3.4,187.5,192.9,critical,0.0,230.8,"low_soc,voltage_drop"
2025-09-25T22:30:00,5.4,0.15,15.0,15.9,3.1,187.8,216.3,critical,0.0,213.4,"low_soc,voltage_drop"
2025-09-25T22:35:00,0.0,0.14,16.8,15.0,2.8,184.0,164.5,critical,0.0,166.2,"low_soc,voltage_drop"
2025-09-25T22:40:00,0.0,0.13,20.8,16.1,2.5,183.1,148.6,critical,0.0,189.0,"low_soc,voltage_drop"
2025-09-25T22:45:00,0.0,0.1,17.0,17.6,2.1,183.4,266.3,critical,0.0,225.7,"low_soc,voltage_drop"
2025-09-25T22:50:00,2.7,0.1,15.6,15.7,2.0,178.8,179.4,critical,0.0,157.9,"low_soc,voltage_drop"
2025-09-25T22:55:00,0.0,0.1,20.3,17.9,2.0,184.6,133.3,critical,0.0,185.2,"low_soc,voltage_drop"
2025-09-25T23:00:00,0.0,0.1,15.0,17.4,2.0,189.2,275.6,critical,0.0,206.8,"low_soc,voltage_drop"
2025-09-25T23:05:00,3.1,0.1,15.0,15.7,2.0,184.7,171.0,critical,0.0,215.6,"low_soc,voltage_drop"
2025-09-25T23:10:00,0.0,0.1,17.0,15.9,2.0,183.3,338.3,critical,0.0,184.2,"low_soc,voltage_drop"
2025-09-25T23:15:00,15.4,0.1,15.0,39.2,2.0,182.8,169.7,critical,0.0,207.9,"low_soc,voltage_drop"
2025-09-25T23:20:00,1.0,0.1,17.0,22.4,2.0,180.4,197.9,critical,0.0,212.6,"low_soc,voltage_drop"
2025-09-25T23:25:00,0.0,0.1,17.2,15.0,2.0,182.4,158.0,critical,0.0,247.7,"low_soc,voltage_drop"
2025-09-25T23:30:00,6.6,0.1,48.3,15.0,2.0,184.8,176.9,critical,0.0,182.3,"low_soc,voltage_drop"
2025-09-25T23:35:00,3.5,0.1,17.9,17.6,2.0,181.7,219.4,critical,0.0,193.5,"low_soc,voltage_drop"
2025-09-25T23:40:00,0.0,0.1,15.0,15.0,2.0,190.2,249.7,critical,0.0,199.6,"low_soc,voltage_drop"
2025-09-25T23:45:00,1.2,0.1,17.2,15.0,2.0,184.3,218.0,critical,0.0,225.8,"low_soc,voltage_drop"
2025-09-25T23:50:00,0.0,0.1,15.0,15.0,2.0,185.9,171.5,critical,0.0,236.9,"low_soc,voltage_drop"
2025-09-25T23:55:00,0.0,0.1,15.0,17.9,2.0,184.6,263.8,critical,0.0,201.5,"low_soc,voltage_drop"
2025-09-26T00:00:00,2.3,0.1,15.0,18.3,2.0,187.4,119.8,critical,0.0,218.3,"low_soc,voltage_drop"
2025-09-26T00:05:00,1.3,0.1,15.0,15.4,2.0,186.2,171.8,critical,0.0,155.3,"low_soc,voltage_drop"
2025-09-26T00:10:00,0.0,0.1,17.0,19.4,2.0,181.6,288.1,critical,0.0,155.1,"low_soc,voltage_drop"
2025-09-26T00:15:00,0.0,0.1,17.4,16.9,2.0,185.0,172.3,critical,0.0,177.3,"low_soc,voltage_drop"
2025-09-26T00:20:00,0.0,0.1,15.0,15.0,2.0,179.4,288.3,critical,0.0,210.6,"low_soc,voltage_drop"
2025-09-26T00:25:00,9.7,0.1,17.5,15.3,2.0,182.1,100.0,critical,0.0,185.1,"low_soc,voltage_drop"
2025-09-26T00:30:00,0.0,0.1,15.1,20.7,2.0,160.0,100.0,critical,0.0,227.3,"low_soc,voltage_drop"
2025-09-26T00:35:00,0.0,0.1,15.0,20.1,2.0,180.8,246.1,critical,0.0,234.2,"low_soc,voltage_drop"
2025-09-26T00:40:00,0.0,0.1,16.9,19.0,2.0,182.0,559.9,critical,0.0,187.0,"low_soc,voltage_drop"
2025-09-26T00:45:00,4.4,0.1,17.9,15.0,2.0,183.1,201.8,critical,0.0,143.4,"low_soc,voltage_drop"
2025-09-26T00:50:00,1.0,0.1,15.0,15.0,2.0,183.3,222.0,critical,0.0,215.4,"low_soc,voltage_drop"
2025-09-26T00:55:00,0.0,0.1,17.0,15.0,2.0,181.6,171.3,critical,0.0,138.3,"low_soc,voltage_drop"
2025-09-26T01:00:00,1.4,0.1,18.0,17.7,2.0,182.0,151.6,critical,0.0,218.1,"low_soc,voltage_drop"
2025-09-26T01:05:00,0.0,0.1,16.7,15.6,2.0,160.0,239.9,critical,0.0,205.1,"low_soc,voltage_drop"
2025-09-26T01:10:00,5.9,0.1,15.0,15.0,2.0,184.2,220.5,critical,0.0,250.8,"low_soc,voltage_drop"
2025-09-26T01:15:00,0.0,0.1,15.0,15.0,2.0,184.5,249.6,critical,0.0,169.4,"low_soc,voltage_drop"
2025-09-26T01:20:00,0.1,0.1,17.1,18.1,2.0,187.7,218.4,critical,0.0,203.6,"low_soc,voltage_drop"
2025-09-26T01:25:00,4.5,0.1,15.0,15.0,2.0,184.4,175.1,critical,0.0,188.7,"low_soc,voltage_drop"
2025-09-26T01:30:00,0.8,0.1,20.3,19.3,2.0,182.9,166.4,critical,0.0,181.1,"low_soc,voltage_drop"
2025-09-26T01:35:00,0.0,0.1,15.0,48.1,2.0,181.7,136.8,critical,0.0,181.7,"low_soc,voltage_drop"
2025-09-26T01:40:00,0.0,0.1,15.0,18.1,2.0,181.7,225.9,critical,0.0,171.0,"low_soc,voltage_drop"
2025-09-26T01:45:00,0.0,0.1,15.4,15.6,2.0,180.6,215.6,critical,0.0,184.1,"low_soc,voltage_drop"
2025-09-26T01:50:00,0.0,0.1,18.5,17.8,2.0,182.7,166.4,critical,0.0,186.1,"low_soc,voltage_drop"
2025-09-26T01:55:00,0.0,0.1,17.7,19.0,2.0,182.6,206.2,critical,0.0,250.7,"low_soc,voltage_drop"
2025-09-26T02:00:00,2.0,0.1,15.2,15.1,2.0,183.8,241.8,critical,0.0,224.0,"low_soc,voltage_drop"
2025-09-26T02:05:00,1.3,0.1,52.2,15.5,2.0,188.6,187.5,critical,0.0,252.8,"low_soc,voltage_drop"
2025-09-26T02:10:00,4.0,0.1,16.8,15.0,2.0,186.6,125.5,critical,0.0,189.8,"low_soc,voltage_drop"
2025-09-26T02:15:00,0.3,0.1,15.0,15.0,2.0,184.9,221.4,critical,0.0,212.4,"low_soc,voltage_drop"
2025-09-26T02:20:00,0.0,0.1,19.1,19.6,2.0,182.3,195.9,critical,0.0,175.8,"low_soc,voltage_drop"
2025-09-26T02:25:00,0.0,0.1,20.1,15.1,2.0,184.3,151.5,critical,0.0,199.2,"low_soc,voltage_drop"
2025-09-26T02:30:00,0.0,0.1,17.3,16.3,2.0,187.5,172.6,critical,0.0,202.8,"low_soc,voltage_drop"
2025-09-26T02:35:00,0.0,0.1,16.0,20.4,2.0,180.8,182.7,critical,0.0,210.7,"low_soc,voltage_drop"
2025-09-26T02:40:00,2.6,0.1,17.3,16.5,2.0,176.9,205.3,critical,0.0,247.9,"low_soc,voltage_drop"
2025-09-26T02:45:00,5.3,0.1,18.2,18.6,2.0,185.2,119.3,critical,0.0,145.2,"low_soc,voltage_drop"
2025-09-26T02:50:00,0.0,0.1,15.0,17.3,2.0,182.9,239.9,critical,0.0,181.3,"low_soc,voltage_drop"
2025-09-26T02:55:00,0.0,0.1,16.5,16.0,2.0,187.6,210.6,critical,0.0,137.9,"low_soc,voltage_drop"
2025-09-26T03:00:00,0.0,0.1,20.3,19.6,2.0,187.8,146.3,critical,0.0,242.8,"low_soc,voltage_drop"
2025-09-26T03:05:00,0.0,0.1,17.7,16.9,2.0,185.8,111.3,critical,0.0,204.0,"low_soc,voltage_drop"
2025-09-26T03:10:00,1.4,0.1,16.0,22.3,2.0,184.3,201.6,critical,0.0,194.6,"low_soc,voltage_drop"
2025-09-26T03:15:00,4.5,0.1,20.0,24.3,2.0,179.9,206.5,critical,0.0,201.6,"low_soc,voltage_drop"
2025-09-26T03:20:00,0.0,0.1,16.6,24.5,2.0,180.7,200.2,critical,0.0,177.2,"low_soc,voltage_drop"
2025-09-26T03:25:00,4.6,0.1,20.6,15.0,2.0,185.2,145.0,critical,0.0,191.4,"low_soc,voltage_drop"
2025-09-26T03:30:00,9.2,0.1,15.0,15.1,2.0,185.3,211.3,critical,0.0,235.8,"low_soc,voltage_drop"
2025-09-26T03:35:00,0.0,0.1,19.2,19.0,2.0,188.5,534.4,critical,0.0,148.0,"low_soc,voltage_drop"
2025-09-26T03:40:00,1.9,0.1,15.0,17.4,2.0,181.0,194.4,critical,0.0,245.6,"low_soc,voltage_drop"
2025-09-26T03:45:00,0.0,0.1,26.7,21.6,2.0,186.9,223.8,critical,0.0,188.1,"low_soc,voltage_drop"
2025-09-26T03:50:00,0.0,0.1,20.2,22.4,2.0,184.7,127.9,critical,0.0,218.0,"low_soc,voltage_drop"
2025-09-26T03:55:00,7.7,0.1,15.0,16.8,2.0,185.7,179.6,critical,0.0,184.6,"low_soc,voltage_drop"
2025-09-26T04:00:00,0.0,0.1,24.4,45.2,2.0,183.7,184.5,critical,0.0,248.7,"low_soc,voltage_drop"
2025-09-26T04:05:00,0.0,0.1,19.1,17.8,2.0,182.4,235.0,critical,0.0,172.6,"low_soc,voltage_drop"
2025-09-26T04:10:00,1.8,0.1,22.8,21.0,2.0,178.3,156.2,critical,0.0,210.7,"low_soc,voltage_drop"
2025-09-26T04:15:00,0.0,0.1,20.1,19.2,2.0,181.5,213.4,critical,0.0,202.9,"low_soc,voltage_drop"
2025-09-26T04:20:00,1.6,0.1,19.8,22.1,2.0,184.3,428.2,critical,0.0,250.4,"low_soc,voltage_drop"
2025-09-26T04:25:00,3.2,0.1,22.9,23.1,2.0,184.2,229.5,critical,0.0,208.7,"low_soc,voltage_drop"
2025-09-26T04:30:00,0.0,0.1,16.8,23.9,2.0,189.5,264.5,critical,0.0,214.0,"low_soc,voltage_drop"
2025-09-26T04:35:00,0.0,0.1,18.2,24.7,2.0,189.9,212.4,critical,0.0,200.1,"low_soc,voltage_drop"
2025-09-26T04:40:00,0.0,0.1,20.0,22.6,2.0,181.4,261.9,critical,0.0,232.7,"low_soc,voltage_drop"
2025-09-26T04:45:00,6.4,0.1,25.4,42.7,2.0,184.9,229.8,critical,0.0,254.4,"low_soc,voltage_drop"
2025-09-26T04:50:00,6.4,0.1,21.7,25.7,2.0,181.4,100.0,critical,0.0,220.8,"low_soc,voltage_drop"
2025-09-26T04:55:00,0.0,0.1,26.2,29.2,2.0,186.3,442.8,critical,0.0,229.9,"low_soc,voltage_drop"
2025-09-26T05:00:00,2.6,0.1,18.0,23.8,2.0,186.3,184.6,critical,0.0,456.9,"low_soc,voltage_drop"
2025-09-26T05:05:00,3.5,0.1,22.9,16.3,2.0,182.9,177.4,critical,27.1,538.6,"low_soc,voltage_drop"
2025-09-26T05:10:00,1.5,0.1,22.4,21.9,2.0,178.9,135.8,critical,47.8,470.9,"low_soc,voltage_drop"
2025-09-26T05:15:00,5.3,0.1,24.1,30.9,2.0,176.3,261.7,critical,71.7,395.3,"low_soc,voltage_drop"
2025-09-26T05:20:00,0.0,0.1,23.6,19.7,2.0,180.3,238.7,critical,104.1,475.2,"low_soc,voltage_drop"
2025-09-26T05:25:00,10.3,0.1,29.5,50.7,2.0,184.0,150.2,critical,108.2,432.9,"low_soc,voltage_drop"
2025-09-26T05:30:00,2.5,0.1,22.8,20.4,2.0,186.9,201.7,critical,153.6,484.3,"low_soc,voltage_drop"
2025-09-26T05:35:00,8.1,0.1,20.9,26.1,2.0,179.2,129.8,critical,168.3,425.9,"low_soc,voltage_drop"
2025-09-26T05:40:00,4.8,0.1,24.8,18.9,2.0,182.3,171.2,critical,169.3,542.7,"low_soc,voltage_drop"
2025-09-26T05:45:00,0.0,0.1,26.4,22.0,2.0,185.7,226.4,critical,199.9,452.2,"low_soc,voltage_drop"
2025-09-26T05:50:00,0.0,0.1,22.5,22.2,2.0,180.1,215.5,critical,208.7,466.4,"low_soc,voltage_drop"
2025-09-26T05:55:00,0.0,0.1,27.5,23.2,2.0,181.2,230.7,critical,268.5,453.5,"low_soc,voltage_drop"
